"acres"|"acquisitioncost"|"areaname"|"agency"
6629.49257741604|17609840|"Alkali-Squilchuck"|"AQ-DFW"
726.310598575262|0|"Cowlitz"|"AQ-DFW"
0.201112200996182|304000|"Deschutes"|"AQ-DFW"
37.2292012007291|1694500|"Elwha-Dungeness"|"AQ-DFW"
121.823482826637|1402000|"Esquatzel Coulee"|"AQ-DFW"
530.335950157953|924000|"Foster"|"AQ-DFW"
23.3551824512093|479000|"Grays/Elochoman"|"AQ-DFW"
3.74653495247879|335000|"Island"|"AQ-DFW"
25.602885115546|434000|"Kennedy-Goldsborough"|"AQ-DFW"
8.59068522733153|37000|"Kettle"|"AQ-DFW"
104.526693082947|3386600|"Kitsap"|"AQ-DFW"
114.407009869807|542774|"Klickitat"|"AQ-DFW"
57.7276050423519|0|"Lewis"|"AQ-DFW"
577.990140859562|9100000|"Little Spokane"|"AQ-DFW"
115.679624442232|1185526|"Lower Chehalis"|"AQ-DFW"
41.4596290147044|201160|"Lower Crab"|"AQ-DFW"
131.925406473411|2281700|"Lower Skagit / Samish"|"AQ-DFW"
13.6746697853099|350000|"Lower Spokane"|"AQ-DFW"
375.510467772086|1714050|"Lower Yakima"|"AQ-DFW"
762.61282055638|20780645|"Methow"|"AQ-DFW"
2823.19396585417|16171646|"Middle Snake"|"AQ-DFW"
98.2827423847271|120000|"Moses Coulee"|"AQ-DFW"
4245.84311971663|20656097|"Naches"|"AQ-DFW"
10.2884077053675|68100|"Nooksack"|"AQ-DFW"
3052.17246448314|21335700|"Okanogan"|"AQ-DFW"
6.00050003845498|447600|"Puyallup-White"|"AQ-DFW"
15.0523154989061|185000|"Quilcene-Snow"|"AQ-DFW"
174.212053049203|3230000|"Snohomish"|"AQ-DFW"
0.431787044180996|20000|"Stillaguamish"|"AQ-DFW"
274.415607053781|3395000|"Upper Chehalis"|"AQ-DFW"
42.6750335732814|350000|"Upper Crab-Wilson"|"AQ-DFW"
336.784319988849|0|"Upper Skagit"|"AQ-DFW"
4412.37107378676|22708233|"Upper Yakima"|"AQ-DFW"
10.4887668466371|621000|"Wenatchee"|"AQ-DFW"
407.759411690687|4079410|"Willapa"|"AQ-DFW"
28.5645751311254|362500|"Wind-White Salmon"|"AQ-DFW"
640.972002107704|56555000|"Alkali-Squilchuck"|"AQ-DNR"
108.969480644111|48252000|"Cedar-Sammamish"|"AQ-DNR"
257.270043891565|5540170|"Colville"|"AQ-DNR"
499.39361089676|41947000|"Cowlitz"|"AQ-DNR"
39.6607804823947|5582000|"Deschutes"|"AQ-DNR"
4681.89301647271|91585000|"Duwamish-Green"|"AQ-DNR"
634.345300521587|22226000|"Elwha-Dungeness"|"AQ-DNR"
627.08196381124|11446300|"Esquatzel Coulee"|"AQ-DNR"
13.10129149306|667000|"Grays/Elochoman"|"AQ-DNR"
0.970160889376423|30000|"Hangman"|"AQ-DNR"
20.2622169696371|1742075|"Island"|"AQ-DNR"
58.0212550619049|37737000|"Kennedy-Goldsborough"|"AQ-DNR"
101.629060735637|4622170|"Kettle"|"AQ-DNR"
592.407662350633|23279050|"Kitsap"|"AQ-DNR"
224.164298717256|15813200|"Klickitat"|"AQ-DNR"
98.2627689482551|1345000|"Lewis"|"AQ-DNR"
8.2549244003851|151000|"Little Spokane"|"AQ-DNR"
568.045013997119|40863700|"Lower Chehalis"|"AQ-DNR"
653.66396990491|53452850|"Lower Skagit / Samish"|"AQ-DNR"
399.154114183925|14205972|"Lower Snake"|"AQ-DNR"
16.6457840081148|484100|"Lower Spokane"|"AQ-DNR"
3776.22258027309|74720000|"Lower Yakima"|"AQ-DNR"
418.649607979576|21575000|"Lyre-Hoko"|"AQ-DNR"
3.87689441116474|215000|"Methow"|"AQ-DNR"
354.694371404805|888250|"Middle Snake"|"AQ-DNR"
7.95752755672454|10000|"Moses Coulee"|"AQ-DNR"
4325.60700169794|84511504|"Naches"|"AQ-DNR"
61.7253047949213|7079000|"Nisqually"|"AQ-DNR"
53.2537489438908|859000|"Nooksack"|"AQ-DNR"
379.785876174079|18586978|"Okanogan"|"AQ-DNR"
955.29822574865|8970470|"Palouse"|"AQ-DNR"
55.4202699453949|27055000|"Puyallup-White"|"AQ-DNR"
192.635300833308|18101750|"Queets-Quinault"|"AQ-DNR"
842.640354732324|40997800|"Quilcene-Snow"|"AQ-DNR"
868.156018006939|17811587.62|"Rock-Glade"|"AQ-DNR"
212.553841719805|11999000|"Salmon-Washougal"|"AQ-DNR"
541.113553846246|23827000|"Skokomish-Dosewallips"|"AQ-DNR"
6625.97835135389|108383500|"Snohomish"|"AQ-DNR"
473.004881251611|21510000|"Soleduc"|"AQ-DNR"
1880.37745547612|22842439|"Stillaguamish"|"AQ-DNR"
1124.39525548477|41510500|"Upper Chehalis"|"AQ-DNR"
250.532760479712|2558100|"Upper Crab-Wilson"|"AQ-DNR"
66.7422362635523|4622170|"Upper Lake Roosevelt"|"AQ-DNR"
330.391870235435|19301900|"Upper Skagit"|"AQ-DNR"
23347.3168814802|186870978|"Upper Yakima"|"AQ-DNR"
128.381393514733|1464000|"Wenatchee"|"AQ-DNR"
749.043594075061|38336000|"Willapa"|"AQ-DNR"
199.343751071062|7754000|"Wind-White Salmon"|"AQ-DNR"
0.956233767088337|0|"Cedar-Sammamish"|"AQ-PARKS"
0.440694407713629|334600|"Cowlitz"|"AQ-PARKS"
1.94903062465276|127423.2|"Duwamish-Green"|"AQ-PARKS"
35.0342075342353|0|"Hangman"|"AQ-PARKS"
32.964145304802|4804204|"Island"|"AQ-PARKS"
35.6464584151364|5300000|"Kennedy-Goldsborough"|"AQ-PARKS"
1.0174298732374|473301.54|"Kitsap"|"AQ-PARKS"
19.8850785872853|260000|"Klickitat"|"AQ-PARKS"
0.297574279582587|16399.58|"Lower Chehalis"|"AQ-PARKS"
62.9493978347453|0|"Lower Crab"|"AQ-PARKS"
20.4134216090078|14314601.24|"Lower Skagit / Samish"|"AQ-PARKS"
0.491868350795448|0|"Lower Spokane"|"AQ-PARKS"
0.0857844009932223|1095.08|"Lower Yakima"|"AQ-PARKS"
11.4687791431507|452500|"Lyre-Hoko"|"AQ-PARKS"
132.870848493035|12738549.74|"Methow"|"AQ-PARKS"
0.0807898340934531|0|"Middle Spokane"|"AQ-PARKS"
13.6830620431657|304000|"Nisqually"|"AQ-PARKS"
0.154521029277323|95000|"Okanogan"|"AQ-PARKS"
288.916865172503|62458|"Palouse"|"AQ-PARKS"
24.3826943452078|173000|"Queets-Quinault"|"AQ-PARKS"
20.7389376101724|1164152.9|"Quilcene-Snow"|"AQ-PARKS"
48.1528578345821|1229500|"Salmon-Washougal"|"AQ-PARKS"
28.492791864963|120778.45|"San Juan"|"AQ-PARKS"
34.2258884407141|1518500|"Skokomish-Dosewallips"|"AQ-PARKS"
91.7479864838914|0|"Snohomish"|"AQ-PARKS"
14.1152101342441|1450000|"Upper Chehalis"|"AQ-PARKS"
30.4165518193959|1072954.47|"Upper Yakima"|"AQ-PARKS"
43.6981955080025|5832944.99|"Willapa"|"AQ-PARKS"
2044.84873489686|0|"Alkali-Squilchuck"|"CITY-COUNTY"
21555.5978245785|0|"Cedar-Sammamish"|"CITY-COUNTY"
1213.39251811176|0|"Chambers-Clover"|"CITY-COUNTY"
447.035256062458|0|"Chelan"|"CITY-COUNTY"
242.597264235832|0|"Colville"|"CITY-COUNTY"
6749.86949289395|0|"Cowlitz"|"CITY-COUNTY"
1410.91631743534|0|"Deschutes"|"CITY-COUNTY"
7341.10699920419|0|"Duwamish-Green"|"CITY-COUNTY"
947.021383570688|0|"Elwha-Dungeness"|"CITY-COUNTY"
208.592208745098|0|"Entiat"|"CITY-COUNTY"
2368.20808166659|0|"Esquatzel Coulee"|"CITY-COUNTY"
782.435408212554|0|"Foster"|"CITY-COUNTY"
201.853336120114|0|"Grand Coulee"|"CITY-COUNTY"
464.020893876908|0|"Grays/Elochoman"|"CITY-COUNTY"
1582.58140904658|0|"Hangman"|"CITY-COUNTY"
930.573931605019|0|"Island"|"CITY-COUNTY"
1172.96282898762|0|"Kennedy-Goldsborough"|"CITY-COUNTY"
66.8892324042363|0|"Kettle"|"CITY-COUNTY"
4325.74117040936|0|"Kitsap"|"CITY-COUNTY"
718.228307810831|0|"Klickitat"|"CITY-COUNTY"
866.196741246397|0|"Lewis"|"CITY-COUNTY"
1644.1405441833|0|"Little Spokane"|"CITY-COUNTY"
9513.77513374829|0|"Lower Chehalis"|"CITY-COUNTY"
3800.91477108115|0|"Lower Crab"|"CITY-COUNTY"
76.9853454844999|0|"Lower Lake Roosevelt"|"CITY-COUNTY"
2338.94362068639|0|"Lower Skagit / Samish"|"CITY-COUNTY"
522.61099408203|0|"Lower Snake"|"CITY-COUNTY"
1197.39817169842|0|"Lower Spokane"|"CITY-COUNTY"
3212.90710495262|0|"Lower Yakima"|"CITY-COUNTY"
27.2331145229444|0|"Lyre-Hoko"|"CITY-COUNTY"
117.43012894021|0|"Methow"|"CITY-COUNTY"
107.25764205041|0|"Middle Lake Roosevelt"|"CITY-COUNTY"
258.654417395913|0|"Middle Snake"|"CITY-COUNTY"
2450.16663105896|0|"Middle Spokane"|"CITY-COUNTY"
1316.73957035537|0|"Moses Coulee"|"CITY-COUNTY"
264.613210139278|0|"Naches"|"CITY-COUNTY"
2.06906152576173|0|"Nespelem"|"CITY-COUNTY"
2196.11821812173|0|"Nisqually"|"CITY-COUNTY"
6343.06480616762|0|"Nooksack"|"CITY-COUNTY"
824.739211200714|0|"Okanogan"|"CITY-COUNTY"
311.301806031547|0|"Palouse"|"CITY-COUNTY"
1380.89763571208|0|"Pend Oreille"|"CITY-COUNTY"
3185.2491461985|0|"Puyallup-White"|"CITY-COUNTY"
1594.06295801294|0|"Queets-Quinault"|"CITY-COUNTY"
675.434546389633|0|"Quilcene-Snow"|"CITY-COUNTY"
2746.9927882839|0|"Rock-Glade"|"CITY-COUNTY"
2645.32620939657|0|"Salmon-Washougal"|"CITY-COUNTY"
985.908312311226|0|"San Juan"|"CITY-COUNTY"
89.7165893347744|0|"Sanpoil"|"CITY-COUNTY"
1229.05495053159|0|"Skokomish-Dosewallips"|"CITY-COUNTY"
9219.29975912284|0|"Snohomish"|"CITY-COUNTY"
103.275134006492|0|"Soleduc"|"CITY-COUNTY"
1830.13384854876|0|"Stillaguamish"|"CITY-COUNTY"
1264.05484386209|0|"Upper Chehalis"|"CITY-COUNTY"
441.330970608586|0|"Upper Crab-Wilson"|"CITY-COUNTY"
36.2241214543798|0|"Upper Lake Roosevelt"|"CITY-COUNTY"
2270.94201472522|0|"Upper Skagit"|"CITY-COUNTY"
1164.02587291719|0|"Upper Yakima"|"CITY-COUNTY"
2117.99055886944|0|"Walla Walla"|"CITY-COUNTY"
793.035907611669|0|"Wenatchee"|"CITY-COUNTY"
1334.06641232118|0|"Willapa"|"CITY-COUNTY"
272.888714821563|0|"Wind-White Salmon"|"CITY-COUNTY"
64.9720018561784|0|"Alkali-Squilchuck"|"CONSERVATION"
782.138069616365|3147000|"Cedar-Sammamish"|"CONSERVATION"
61.349184486157|220000|"Colville"|"CONSERVATION"
7.27667013809813|0|"Cowlitz"|"CONSERVATION"
147.942062049784|5350000|"Deschutes"|"CONSERVATION"
407.470998689326|37740000|"Duwamish-Green"|"CONSERVATION"
18.5336511768422|247500|"Elwha-Dungeness"|"CONSERVATION"
401.455170644131|0|"Entiat"|"CONSERVATION"
47.3176209263136|0|"Esquatzel Coulee"|"CONSERVATION"
16.9984481028615|0|"Grand Coulee"|"CONSERVATION"
133.565945543724|667000|"Grays/Elochoman"|"CONSERVATION"
13.5179260542537|1700000|"Island"|"CONSERVATION"
204.545569109012|4055800|"Kennedy-Goldsborough"|"CONSERVATION"
1397.31569183614|20198050|"Kitsap"|"CONSERVATION"
986.013332032399|1779200|"Klickitat"|"CONSERVATION"
24.3721349932047|0|"Lewis"|"CONSERVATION"
1736.54229351866|5432500|"Lower Chehalis"|"CONSERVATION"
3.12583836127816|0|"Lower Crab"|"CONSERVATION"
1095.16610689757|5574750|"Lower Skagit / Samish"|"CONSERVATION"
46.2830162987391|0|"Lower Spokane"|"CONSERVATION"
102.660945621055|0|"Lyre-Hoko"|"CONSERVATION"
38.1931835129777|215000|"Methow"|"CONSERVATION"
34.5740339191217|0|"Middle Spokane"|"CONSERVATION"
80.6202375918768|10000|"Moses Coulee"|"CONSERVATION"
119.6710434907|7079000|"Nisqually"|"CONSERVATION"
384.677244402111|24000|"Nooksack"|"CONSERVATION"
5979.69068005893|0|"Okanogan"|"CONSERVATION"
637.710996223794|0|"Queets-Quinault"|"CONSERVATION"
595.918466034379|19010000|"Quilcene-Snow"|"CONSERVATION"
157.918359597953|0|"Rock-Glade"|"CONSERVATION"
677.459768882046|11999000|"Salmon-Washougal"|"CONSERVATION"
33.8479968804533|0|"San Juan"|"CONSERVATION"
195.430677628882|5479000|"Skokomish-Dosewallips"|"CONSERVATION"
10880.6792387733|71573500|"Snohomish"|"CONSERVATION"
43.6685187512536|0|"Soleduc"|"CONSERVATION"
839.722826519472|0|"Stillaguamish"|"CONSERVATION"
152.839873250471|1899500|"Upper Chehalis"|"CONSERVATION"
21.4886375373574|0|"Upper Crab-Wilson"|"CONSERVATION"
870.304962359252|7010000|"Upper Skagit"|"CONSERVATION"
58.5426872972352|447000|"Upper Yakima"|"CONSERVATION"
390.942311036566|1464000|"Wenatchee"|"CONSERVATION"
1314.73975224874|1189000|"Willapa"|"CONSERVATION"
998.254717165394|17466500|"Wind-White Salmon"|"CONSERVATION"
106.971360951085|2251.79|"Alkali-Squilchuck"|"DEVELOPED RECREATION"
49.7140315094143|686850|"Cedar-Sammamish"|"DEVELOPED RECREATION"
27.2871133680765|8200.57|"Chelan"|"DEVELOPED RECREATION"
29.4599995929847|681113.2|"Cowlitz"|"DEVELOPED RECREATION"
25.6692459378228|404550|"Deschutes"|"DEVELOPED RECREATION"
188.059629752006|2876561.15|"Duwamish-Green"|"DEVELOPED RECREATION"
18.4625691614049|0|"Elwha-Dungeness"|"DEVELOPED RECREATION"
1.00023126420882|0|"Entiat"|"DEVELOPED RECREATION"
57.1366909433774|34323|"Esquatzel Coulee"|"DEVELOPED RECREATION"
85.1239449229509|13509.41|"Foster"|"DEVELOPED RECREATION"
461.535679377409|129117|"Grand Coulee"|"DEVELOPED RECREATION"
111.487879924821|24000|"Grays/Elochoman"|"DEVELOPED RECREATION"
49.937743097262|1620|"Hangman"|"DEVELOPED RECREATION"
215.208307119386|11165295.76|"Island"|"DEVELOPED RECREATION"
103.668269178674|4935445.54|"Kennedy-Goldsborough"|"DEVELOPED RECREATION"
9.77578392275515|11000|"Kettle"|"DEVELOPED RECREATION"
84.1756392032508|2247186.4|"Kitsap"|"DEVELOPED RECREATION"
1110.6034582217|649394|"Klickitat"|"DEVELOPED RECREATION"
78.9484985297334|432625.73|"Lewis"|"DEVELOPED RECREATION"
472.915955991941|386572.41|"Little Spokane"|"DEVELOPED RECREATION"
130.615882131082|457157.58|"Lower Chehalis"|"DEVELOPED RECREATION"
212.964472898414|0|"Lower Crab"|"DEVELOPED RECREATION"
314.25367135665|1217419.74|"Lower Skagit / Samish"|"DEVELOPED RECREATION"
371.337550348939|4323|"Lower Snake"|"DEVELOPED RECREATION"
170.022120027247|97840.75|"Lower Spokane"|"DEVELOPED RECREATION"
203.904007687501|58950.88|"Lower Yakima"|"DEVELOPED RECREATION"
121.326140476567|2302500|"Lyre-Hoko"|"DEVELOPED RECREATION"
104.764647321795|4161691.5|"Methow"|"DEVELOPED RECREATION"
211.126242336313|1481396|"Middle Snake"|"DEVELOPED RECREATION"
357.529587253406|81882.5|"Middle Spokane"|"DEVELOPED RECREATION"
31.4046193817707|0|"Moses Coulee"|"DEVELOPED RECREATION"
4.37458291957268|0|"Naches"|"DEVELOPED RECREATION"
224.461121002458|4430302|"Nisqually"|"DEVELOPED RECREATION"
310.680728533147|3448313|"Nooksack"|"DEVELOPED RECREATION"
140.145960175731|104543.5|"Okanogan"|"DEVELOPED RECREATION"
144.770440609321|2292|"Palouse"|"DEVELOPED RECREATION"
33.0254235572128|20000|"Pend Oreille"|"DEVELOPED RECREATION"
56.7236583717126|1262840|"Puyallup-White"|"DEVELOPED RECREATION"
18.8037812814578|457498.77|"Queets-Quinault"|"DEVELOPED RECREATION"
182.737871572342|657233.35|"Quilcene-Snow"|"DEVELOPED RECREATION"
187.044088507715|3606223.38|"Salmon-Washougal"|"DEVELOPED RECREATION"
803.709454537703|1225797.29|"San Juan"|"DEVELOPED RECREATION"
11.2392851465886|0|"Sanpoil"|"DEVELOPED RECREATION"
93.0308603689451|1925369.33|"Skokomish-Dosewallips"|"DEVELOPED RECREATION"
1005.59600293239|23047877.88|"Snohomish"|"DEVELOPED RECREATION"
25.0585353228381|192254.68|"Soleduc"|"DEVELOPED RECREATION"
0.218422364204491|0|"Stillaguamish"|"DEVELOPED RECREATION"
318.589492696856|2933001.71|"Upper Chehalis"|"DEVELOPED RECREATION"
91.3005946931853|134100|"Upper Skagit"|"DEVELOPED RECREATION"
321.600102728996|3572010.47|"Upper Yakima"|"DEVELOPED RECREATION"
48.3193846313786|2|"Walla Walla"|"DEVELOPED RECREATION"
62.5104710332819|908607.48|"Wenatchee"|"DEVELOPED RECREATION"
549.518884746489|7231702.71|"Willapa"|"DEVELOPED RECREATION"
21703.4217712462|17609840|"Alkali-Squilchuck"|"DFW"
18.9542561097716|0|"Chambers-Clover"|"DFW"
1683.49119944688|700000|"Chelan"|"DFW"
1418.98526769103|0|"Cowlitz"|"DFW"
5.80414490671844|304000|"Deschutes"|"DFW"
114.908749913982|3295300|"Elwha-Dungeness"|"DFW"
1521.76846305764|0|"Entiat"|"DFW"
774.646673384718|1402000|"Esquatzel Coulee"|"DFW"
2032.57115750524|1519600|"Foster"|"DFW"
340.987261046092|0|"Grand Coulee"|"DFW"
184.921081785887|479000|"Grays/Elochoman"|"DFW"
34.7996082510337|335000|"Island"|"DFW"
26.5689521792003|434000|"Kennedy-Goldsborough"|"DFW"
918.87856487343|37000|"Kettle"|"DFW"
876.790423683714|3937600|"Kitsap"|"DFW"
2616.71160177668|600774|"Klickitat"|"DFW"
152.594997676505|0|"Lewis"|"DFW"
592.289758429336|9100000|"Little Spokane"|"DFW"
799.044692438141|1529526|"Lower Chehalis"|"DFW"
6322.55352687357|201160|"Lower Crab"|"DFW"
1742.66373147427|2281700|"Lower Skagit / Samish"|"DFW"
13.6746697853099|350000|"Lower Spokane"|"DFW"
2434.89606012937|1714050|"Lower Yakima"|"DFW"
6426.92851486038|28756845|"Methow"|"DFW"
822.280010979533|0|"Middle Lake Roosevelt"|"DFW"
12386.4344449587|20213646|"Middle Snake"|"DFW"
1.02504800707136|876000|"Middle Spokane"|"DFW"
1436.77353562111|120000|"Moses Coulee"|"DFW"
8629.91832459988|20679747|"Naches"|"DFW"
114.114231835398|0|"Nisqually"|"DFW"
596.334472558171|1345122|"Nooksack"|"DFW"
9436.50439356771|22438912|"Okanogan"|"DFW"
578.569357626996|266200|"Palouse"|"DFW"
164.611060727544|0|"Pend Oreille"|"DFW"
7.35420879129168|447600|"Puyallup-White"|"DFW"
126.015454467098|2919500|"Quilcene-Snow"|"DFW"
474.206627134011|500000|"Salmon-Washougal"|"DFW"
32.7983595625889|0|"San Juan"|"DFW"
11.2392851465886|0|"Sanpoil"|"DFW"
88.6635843766999|0|"Skokomish-Dosewallips"|"DFW"
508.900271671465|3230000|"Snohomish"|"DFW"
9.41157288663729|0|"Soleduc"|"DFW"
0.650209408385488|20000|"Stillaguamish"|"DFW"
441.221074058522|3395000|"Upper Chehalis"|"DFW"
3966.6813792703|350000|"Upper Crab-Wilson"|"DFW"
605.21249672482|0|"Upper Skagit"|"DFW"
26011.8346455588|24933027|"Upper Yakima"|"DFW"
124.852850262067|0|"Walla Walla"|"DFW"
1018.1947879002|2350000|"Wenatchee"|"DFW"
1007.6012533236|4304610|"Willapa"|"DFW"
44.3203840057103|475500|"Wind-White Salmon"|"DFW"
2429.44085631754|0|"Alkali-Squilchuck"|"DNR AQUATIC"
12484.0925731444|0|"Cedar-Sammamish"|"DNR AQUATIC"
2127.03883281985|0|"Chambers-Clover"|"DNR AQUATIC"
6946.06589166008|0|"Chelan"|"DNR AQUATIC"
709.457543616269|0|"Colville"|"DNR AQUATIC"
1634.3793215258|0|"Cowlitz"|"DNR AQUATIC"
3225.602092231|0|"Deschutes"|"DNR AQUATIC"
5569.1462763256|0|"Duwamish-Green"|"DNR AQUATIC"
41256.4890789965|192921|"Elwha-Dungeness"|"DNR AQUATIC"
206.340622179115|0|"Entiat"|"DNR AQUATIC"
1934.92917922046|0|"Esquatzel Coulee"|"DNR AQUATIC"
147.249520648459|0|"Foster"|"DNR AQUATIC"
882.347782589234|0|"Grand Coulee"|"DNR AQUATIC"
3562.35983100403|0|"Grays/Elochoman"|"DNR AQUATIC"
14.899198929944|0|"Hangman"|"DNR AQUATIC"
39812.6757134432|42075|"Island"|"DNR AQUATIC"
5505.79876203654|0|"Kennedy-Goldsborough"|"DNR AQUATIC"
183.30408118929|0|"Kettle"|"DNR AQUATIC"
39092.0137681414|1803000|"Kitsap"|"DNR AQUATIC"
1021.64163892078|0|"Klickitat"|"DNR AQUATIC"
1240.95676042233|0|"Lewis"|"DNR AQUATIC"
493.662145174462|0|"Little Spokane"|"DNR AQUATIC"
15513.1918169657|509000|"Lower Chehalis"|"DNR AQUATIC"
1739.3485354138|0|"Lower Crab"|"DNR AQUATIC"
17811.1522494075|115950|"Lower Skagit / Samish"|"DNR AQUATIC"
1667.40506816354|0|"Lower Snake"|"DNR AQUATIC"
331.25976578476|0|"Lower Spokane"|"DNR AQUATIC"
728.344395953815|0|"Lower Yakima"|"DNR AQUATIC"
53790.0332982023|0|"Lyre-Hoko"|"DNR AQUATIC"
365.394076771912|0|"Methow"|"DNR AQUATIC"
2123.83895121069|0|"Middle Snake"|"DNR AQUATIC"
483.063580704119|0|"Middle Spokane"|"DNR AQUATIC"
793.099590549468|0|"Moses Coulee"|"DNR AQUATIC"
0.00604539887635506|0|"Naches"|"DNR AQUATIC"
629.175968778618|0|"Nisqually"|"DNR AQUATIC"
46847.3789027049|0|"Nooksack"|"DNR AQUATIC"
1722.51200670315|0|"Okanogan"|"DNR AQUATIC"
1371.54352962817|0|"Palouse"|"DNR AQUATIC"
2799.28262564798|0|"Pend Oreille"|"DNR AQUATIC"
2041.87942042921|0|"Puyallup-White"|"DNR AQUATIC"
24199.4072534851|0|"Queets-Quinault"|"DNR AQUATIC"
29076.4983679299|0|"Quilcene-Snow"|"DNR AQUATIC"
5041.56897149555|0|"Rock-Glade"|"DNR AQUATIC"
2590.28776456116|0|"Salmon-Washougal"|"DNR AQUATIC"
59971.3171904614|0|"San Juan"|"DNR AQUATIC"
18.5230002901411|0|"Sanpoil"|"DNR AQUATIC"
4239.36391034533|0|"Skokomish-Dosewallips"|"DNR AQUATIC"
6515.49621992701|0|"Snohomish"|"DNR AQUATIC"
40398.5326203147|0|"Soleduc"|"DNR AQUATIC"
2375.94004425014|0|"Stillaguamish"|"DNR AQUATIC"
436.449408816636|0|"Upper Chehalis"|"DNR AQUATIC"
323.089620030721|0|"Upper Crab-Wilson"|"DNR AQUATIC"
39.9289436921716|0|"Upper Lake Roosevelt"|"DNR AQUATIC"
1522.16889844336|0|"Upper Skagit"|"DNR AQUATIC"
2775.30070888596|0|"Upper Yakima"|"DNR AQUATIC"
418.365967778845|0|"Walla Walla"|"DNR AQUATIC"
1170.30199747834|0|"Wenatchee"|"DNR AQUATIC"
27001.8689539088|0|"Willapa"|"DNR AQUATIC"
1238.74389648047|0|"Wind-White Salmon"|"DNR AQUATIC"
8790.9778062451|56555000|"Alkali-Squilchuck"|"DNR UPLANDS"
2182.76067656467|48992000|"Cedar-Sammamish"|"DNR UPLANDS"
2.74045124225683|0|"Chambers-Clover"|"DNR UPLANDS"
953.133764729582|0|"Chelan"|"DNR UPLANDS"
15814.4971273368|5540170|"Colville"|"DNR UPLANDS"
13592.361879138|41947000|"Cowlitz"|"DNR UPLANDS"
891.708861995936|5650000|"Deschutes"|"DNR UPLANDS"
9840.20283062259|91585000|"Duwamish-Green"|"DNR UPLANDS"
6348.46065539128|22226000|"Elwha-Dungeness"|"DNR UPLANDS"
1863.65113007751|0|"Entiat"|"DNR UPLANDS"
6468.08477130673|11446300|"Esquatzel Coulee"|"DNR UPLANDS"
11704.6293254558|0|"Foster"|"DNR UPLANDS"
7488.72961282687|0|"Grand Coulee"|"DNR UPLANDS"
11175.5443502191|667000|"Grays/Elochoman"|"DNR UPLANDS"
645.20531128593|30000|"Hangman"|"DNR UPLANDS"
77.7761645521254|1700000|"Island"|"DNR UPLANDS"
2705.05568305215|39362800|"Kennedy-Goldsborough"|"DNR UPLANDS"
9485.64276736026|4622170|"Kettle"|"DNR UPLANDS"
8104.58830501544|21496050|"Kitsap"|"DNR UPLANDS"
12777.2553819315|16231200|"Klickitat"|"DNR UPLANDS"
17783.2343239161|1412500|"Lewis"|"DNR UPLANDS"
2422.96793111084|346000|"Little Spokane"|"DNR UPLANDS"
4496.3958076226|40661600|"Lower Chehalis"|"DNR UPLANDS"
10395.0650184744|0|"Lower Crab"|"DNR UPLANDS"
1831.11069842125|0|"Lower Lake Roosevelt"|"DNR UPLANDS"
11547.9989413857|53431900|"Lower Skagit / Samish"|"DNR UPLANDS"
4267.24891397658|14205972|"Lower Snake"|"DNR UPLANDS"
6133.35161068661|484100|"Lower Spokane"|"DNR UPLANDS"
16795.5011423735|74720000|"Lower Yakima"|"DNR UPLANDS"
11817.0285507039|21575000|"Lyre-Hoko"|"DNR UPLANDS"
8261.96514267796|215000|"Methow"|"DNR UPLANDS"
3927.33791694956|0|"Middle Lake Roosevelt"|"DNR UPLANDS"
7253.77274317777|1313250|"Middle Snake"|"DNR UPLANDS"
1163.5650729762|0|"Middle Spokane"|"DNR UPLANDS"
10281.1605859908|10000|"Moses Coulee"|"DNR UPLANDS"
10135.0315734315|84511504|"Naches"|"DNR UPLANDS"
11563.0256767988|7079000|"Nisqually"|"DNR UPLANDS"
20490.0335175784|859000|"Nooksack"|"DNR UPLANDS"
52330.1628719213|18586978|"Okanogan"|"DNR UPLANDS"
13618.5583178878|8970470|"Palouse"|"DNR UPLANDS"
5619.92146017277|0|"Pend Oreille"|"DNR UPLANDS"
205.218530389364|27055000|"Puyallup-White"|"DNR UPLANDS"
23029.7232363071|18101750|"Queets-Quinault"|"DNR UPLANDS"
7076.48179220737|40997800|"Quilcene-Snow"|"DNR UPLANDS"
11514.7946251708|17811587.62|"Rock-Glade"|"DNR UPLANDS"
9696.81673653626|11999000|"Salmon-Washougal"|"DNR UPLANDS"
252.548648624417|0|"San Juan"|"DNR UPLANDS"
3088.16044612957|0|"Sanpoil"|"DNR UPLANDS"
6513.11218609281|24037000|"Skokomish-Dosewallips"|"DNR UPLANDS"
34200.8826325785|124883500|"Snohomish"|"DNR UPLANDS"
27851.0051718585|21510000|"Soleduc"|"DNR UPLANDS"
17365.9747728467|22842439|"Stillaguamish"|"DNR UPLANDS"
30996.9903748174|42495500|"Upper Chehalis"|"DNR UPLANDS"
7211.18853956833|2558100|"Upper Crab-Wilson"|"DNR UPLANDS"
7505.99938051919|4622170|"Upper Lake Roosevelt"|"DNR UPLANDS"
9500.45183535068|19301900|"Upper Skagit"|"DNR UPLANDS"
42646.6309466334|186870978|"Upper Yakima"|"DNR UPLANDS"
2748.90223037016|0|"Walla Walla"|"DNR UPLANDS"
1910.49235178046|1464000|"Wenatchee"|"DNR UPLANDS"
14767.8910900115|39194000|"Willapa"|"DNR UPLANDS"
13651.031455097|19989000|"Wind-White Salmon"|"DNR UPLANDS"
60219.0116643913|0|"Alkali-Squilchuck"|"FEDERAL"
35.9920364043284|0|"Cedar-Sammamish"|"FEDERAL"
5129.99526072269|0|"Chambers-Clover"|"FEDERAL"
117015.855114897|0|"Chelan"|"FEDERAL"
33031.1191674685|0|"Colville"|"FEDERAL"
134440.391974121|0|"Cowlitz"|"FEDERAL"
1268.16310514739|0|"Deschutes"|"FEDERAL"
7545.76704884605|0|"Duwamish-Green"|"FEDERAL"
68413.9240316308|0|"Elwha-Dungeness"|"FEDERAL"
53338.9053623714|0|"Entiat"|"FEDERAL"
27557.0301011713|0|"Esquatzel Coulee"|"FEDERAL"
1579.46529613945|0|"Foster"|"FEDERAL"
12051.4016832022|0|"Grand Coulee"|"FEDERAL"
592.826041024826|0|"Grays/Elochoman"|"FEDERAL"
475.125861107176|0|"Hangman"|"FEDERAL"
1656.80227101171|0|"Island"|"FEDERAL"
0.492605122118299|0|"Kennedy-Goldsborough"|"FEDERAL"
80395.8616590311|0|"Kettle"|"FEDERAL"
1706.35943013359|0|"Kitsap"|"FEDERAL"
2332.20572545013|0|"Klickitat"|"FEDERAL"
70738.0177623074|0|"Lewis"|"FEDERAL"
58.8378705681186|0|"Little Spokane"|"FEDERAL"
26495.7845514833|0|"Lower Chehalis"|"FEDERAL"
16148.1265416151|0|"Lower Crab"|"FEDERAL"
1432.4849305915|0|"Lower Lake Roosevelt"|"FEDERAL"
2173.07612558232|0|"Lower Skagit / Samish"|"FEDERAL"
4875.02333081246|0|"Lower Snake"|"FEDERAL"
1069.03106036323|0|"Lower Spokane"|"FEDERAL"
43079.6190649703|0|"Lower Yakima"|"FEDERAL"
9666.19359826458|0|"Lyre-Hoko"|"FEDERAL"
247834.808750423|0|"Methow"|"FEDERAL"
24283.2936382998|0|"Middle Lake Roosevelt"|"FEDERAL"
54618.8284650831|0|"Middle Snake"|"FEDERAL"
11495.0030708567|0|"Moses Coulee"|"FEDERAL"
102511.241046837|0|"Naches"|"FEDERAL"
29343.4908113783|0|"Nisqually"|"FEDERAL"
58143.8804771786|0|"Nooksack"|"FEDERAL"
50422.1552626032|0|"Okanogan"|"FEDERAL"
9398.83190325471|0|"Palouse"|"FEDERAL"
110337.970009814|0|"Pend Oreille"|"FEDERAL"
54380.2794384074|0|"Puyallup-White"|"FEDERAL"
65914.5789582967|0|"Queets-Quinault"|"FEDERAL"
15039.6452746989|0|"Quilcene-Snow"|"FEDERAL"
6204.26214887953|0|"Rock-Glade"|"FEDERAL"
5013.29106372282|0|"Salmon-Washougal"|"FEDERAL"
651.730680391038|0|"San Juan"|"FEDERAL"
39246.3518742713|0|"Sanpoil"|"FEDERAL"
56224.1865393227|0|"Skokomish-Dosewallips"|"FEDERAL"
99972.7165679598|0|"Snohomish"|"FEDERAL"
73935.2317780392|0|"Soleduc"|"FEDERAL"
37011.6394024448|0|"Stillaguamish"|"FEDERAL"
434.731348512864|0|"Upper Chehalis"|"FEDERAL"
13859.5250299802|0|"Upper Crab-Wilson"|"FEDERAL"
21467.0819778012|0|"Upper Lake Roosevelt"|"FEDERAL"
292491.678110968|0|"Upper Skagit"|"FEDERAL"
118019.9125794|0|"Upper Yakima"|"FEDERAL"
11500.1016551001|0|"Walla Walla"|"FEDERAL"
144135.12542705|0|"Wenatchee"|"FEDERAL"
3209.73681598926|0|"Willapa"|"FEDERAL"
64871.4866883193|0|"Wind-White Salmon"|"FEDERAL"
25590.7693879713|17903698.35|"Alkali-Squilchuck"|"HABITAT AND PASSIVE RECREATION"
12957.1675378153|16030398.15|"Cedar-Sammamish"|"HABITAT AND PASSIVE RECREATION"
2127.03883281985|0|"Chambers-Clover"|"HABITAT AND PASSIVE RECREATION"
8673.00688712002|770001|"Chelan"|"HABITAT AND PASSIVE RECREATION"
742.251540143705|99500|"Colville"|"HABITAT AND PASSIVE RECREATION"
3206.80321436407|4998810.24|"Cowlitz"|"HABITAT AND PASSIVE RECREATION"
3229.93686572947|0|"Deschutes"|"HABITAT AND PASSIVE RECREATION"
5830.03762059797|5751464.28|"Duwamish-Green"|"HABITAT AND PASSIVE RECREATION"
41334.4016085722|3240721|"Elwha-Dungeness"|"HABITAT AND PASSIVE RECREATION"
1727.10885397254|0|"Entiat"|"HABITAT AND PASSIVE RECREATION"
2728.61244990826|1405270|"Esquatzel Coulee"|"HABITAT AND PASSIVE RECREATION"
2179.8206781537|1519600|"Foster"|"HABITAT AND PASSIVE RECREATION"
1992.95847842596|2550843.92|"Grand Coulee"|"HABITAT AND PASSIVE RECREATION"
3620.19042320176|455000|"Grays/Elochoman"|"HABITAT AND PASSIVE RECREATION"
49.9334064641793|0|"Hangman"|"HABITAT AND PASSIVE RECREATION"
40618.0171354941|27560115.71|"Island"|"HABITAT AND PASSIVE RECREATION"
5644.73007913959|7164841.15|"Kennedy-Goldsborough"|"HABITAT AND PASSIVE RECREATION"
1102.18264606272|37000|"Kettle"|"HABITAT AND PASSIVE RECREATION"
39450.160956021|14515326.99|"Kitsap"|"HABITAT AND PASSIVE RECREATION"
3308.76328591103|965715.63|"Klickitat"|"HABITAT AND PASSIVE RECREATION"
1335.73432426173|0|"Lewis"|"HABITAT AND PASSIVE RECREATION"
2293.25900991082|10424324.04|"Little Spokane"|"HABITAT AND PASSIVE RECREATION"
16375.3381764561|2913453.98|"Lower Chehalis"|"HABITAT AND PASSIVE RECREATION"
7815.34792891696|201160|"Lower Crab"|"HABITAT AND PASSIVE RECREATION"
19722.9051717031|24495251.34|"Lower Skagit / Samish"|"HABITAT AND PASSIVE RECREATION"
1667.40506816354|0|"Lower Snake"|"HABITAT AND PASSIVE RECREATION"
1608.25345250348|1925970.88|"Lower Spokane"|"HABITAT AND PASSIVE RECREATION"
3011.8937621197|1783117.74|"Lower Yakima"|"HABITAT AND PASSIVE RECREATION"
53870.6180082311|1676310|"Lyre-Hoko"|"HABITAT AND PASSIVE RECREATION"
6964.43332643096|37384554.24|"Methow"|"HABITAT AND PASSIVE RECREATION"
822.280010979533|0|"Middle Lake Roosevelt"|"HABITAT AND PASSIVE RECREATION"
14456.9767305853|20213646|"Middle Snake"|"HABITAT AND PASSIVE RECREATION"
1534.81179203447|759177.06|"Middle Spokane"|"HABITAT AND PASSIVE RECREATION"
2198.46850678881|120000|"Moses Coulee"|"HABITAT AND PASSIVE RECREATION"
8622.91648579648|20679747|"Naches"|"HABITAT AND PASSIVE RECREATION"
837.717720251201|2278603.57|"Nisqually"|"HABITAT AND PASSIVE RECREATION"
47602.2526515207|8227606.7|"Nooksack"|"HABITAT AND PASSIVE RECREATION"
11023.9209989028|22475923|"Okanogan"|"HABITAT AND PASSIVE RECREATION"
2421.90894218541|332055|"Palouse"|"HABITAT AND PASSIVE RECREATION"
2972.42640028133|1|"Pend Oreille"|"HABITAT AND PASSIVE RECREATION"
2193.34073301051|738343.61|"Puyallup-White"|"HABITAT AND PASSIVE RECREATION"
24324.5532596505|1557491.79|"Queets-Quinault"|"HABITAT AND PASSIVE RECREATION"
30041.7190188548|19201824.99|"Quilcene-Snow"|"HABITAT AND PASSIVE RECREATION"
5041.56897149555|0|"Rock-Glade"|"HABITAT AND PASSIVE RECREATION"
3924.03691622798|1578534|"Salmon-Washougal"|"HABITAT AND PASSIVE RECREATION"
60573.5679396444|7966186.81|"San Juan"|"HABITAT AND PASSIVE RECREATION"
18.5230002901411|0|"Sanpoil"|"HABITAT AND PASSIVE RECREATION"
4378.13456627425|657335.2|"Skokomish-Dosewallips"|"HABITAT AND PASSIVE RECREATION"
7424.89167118944|7143286.2|"Snohomish"|"HABITAT AND PASSIVE RECREATION"
40412.2973704661|5000|"Soleduc"|"HABITAT AND PASSIVE RECREATION"
2495.12512679964|318235|"Stillaguamish"|"HABITAT AND PASSIVE RECREATION"
799.256027601741|3200250|"Upper Chehalis"|"HABITAT AND PASSIVE RECREATION"
4289.77099930102|350000|"Upper Crab-Wilson"|"HABITAT AND PASSIVE RECREATION"
39.9289436921716|0|"Upper Lake Roosevelt"|"HABITAT AND PASSIVE RECREATION"
1887.16901687734|196001|"Upper Skagit"|"HABITAT AND PASSIVE RECREATION"
28940.5028648245|25607953.77|"Upper Yakima"|"HABITAT AND PASSIVE RECREATION"
501.986101705173|0|"Walla Walla"|"HABITAT AND PASSIVE RECREATION"
2225.18115861942|2918816.07|"Wenatchee"|"HABITAT AND PASSIVE RECREATION"
28357.6014238394|12770757.62|"Willapa"|"HABITAT AND PASSIVE RECREATION"
1244.98884624037|80000|"Wind-White Salmon"|"HABITAT AND PASSIVE RECREATION"
353.40407487578|0|"Alkali-Squilchuck"|"OTHER PUBLIC"
76.0535822488789|25000|"Cedar-Sammamish"|"OTHER PUBLIC"
18.9542561097716|0|"Chambers-Clover"|"OTHER PUBLIC"
40.6264896237483|710650|"Chelan"|"OTHER PUBLIC"
27.894135885746|0|"Colville"|"OTHER PUBLIC"
117.674888661617|0|"Cowlitz"|"OTHER PUBLIC"
3.69964901897417|0|"Deschutes"|"OTHER PUBLIC"
0.668873842961659|0|"Duwamish-Green"|"OTHER PUBLIC"
2.12026562233862|0|"Elwha-Dungeness"|"OTHER PUBLIC"
1.38680098199492|0|"Esquatzel Coulee"|"OTHER PUBLIC"
15.6026096633347|0|"Grays/Elochoman"|"OTHER PUBLIC"
36.1981892032214|0|"Hangman"|"OTHER PUBLIC"
87.5264238329682|0|"Island"|"OTHER PUBLIC"
60.242768963677|0|"Kennedy-Goldsborough"|"OTHER PUBLIC"
0.420850986118832|0|"Kitsap"|"OTHER PUBLIC"
183.36959429478|0|"Klickitat"|"OTHER PUBLIC"
14.0393227772191|0|"Lewis"|"OTHER PUBLIC"
2.92061684378185|0|"Little Spokane"|"OTHER PUBLIC"
0.89350050614395|0|"Lower Chehalis"|"OTHER PUBLIC"
305.673338876518|0|"Lower Crab"|"OTHER PUBLIC"
2.7912995642195|2500|"Lower Skagit / Samish"|"OTHER PUBLIC"
32.0214512850642|0|"Lower Yakima"|"OTHER PUBLIC"
0.417810001251901|0|"Lyre-Hoko"|"OTHER PUBLIC"
0.0464367120378008|0|"Methow"|"OTHER PUBLIC"
2.84070873150209|0|"Middle Snake"|"OTHER PUBLIC"
1.02504800707136|876000|"Middle Spokane"|"OTHER PUBLIC"
3.41859873024552|0|"Naches"|"OTHER PUBLIC"
25.2180494420143|0|"Nisqually"|"OTHER PUBLIC"
3.89895822883571|0|"Nooksack"|"OTHER PUBLIC"
5.04650728977147|7289|"Okanogan"|"OTHER PUBLIC"
283.413920824351|0|"Palouse"|"OTHER PUBLIC"
6.00889431941736|0|"Pend Oreille"|"OTHER PUBLIC"
7.87424329451684|447600|"Puyallup-White"|"OTHER PUBLIC"
0.518297519542106|0|"Quilcene-Snow"|"OTHER PUBLIC"
9.63637749924989|0|"Salmon-Washougal"|"OTHER PUBLIC"
2.64993176890617|0|"San Juan"|"OTHER PUBLIC"
14.0552830836889|0|"Skokomish-Dosewallips"|"OTHER PUBLIC"
4.40922218673132|0|"Snohomish"|"OTHER PUBLIC"
97.0773801885163|2801000|"Soleduc"|"OTHER PUBLIC"
0.543631745308788|0|"Stillaguamish"|"OTHER PUBLIC"
121.95969717862|0|"Upper Chehalis"|"OTHER PUBLIC"
0.122700741660986|0|"Upper Lake Roosevelt"|"OTHER PUBLIC"
0.0424263406913055|0|"Upper Skagit"|"OTHER PUBLIC"
94.9480848549119|0|"Upper Yakima"|"OTHER PUBLIC"
12.9633971602877|0|"Willapa"|"OTHER PUBLIC"
1.70189808567056|0|"Wind-White Salmon"|"OTHER PUBLIC"
1564.87812135871|296110.14|"Alkali-Squilchuck"|"PARKS"
598.84257842926|16742248.15|"Cedar-Sammamish"|"PARKS"
111.363399004891|788851.57|"Chelan"|"PARKS"
32.7939965274367|99500|"Colville"|"PARKS"
292.493264981825|5679923.44|"Cowlitz"|"PARKS"
25.4681337368267|100550|"Deschutes"|"PARKS"
448.950974024377|8628025.43|"Duwamish-Green"|"PARKS"
76.1732882464603|37593|"Esquatzel Coulee"|"PARKS"
85.1239449229509|13509.41|"Foster"|"PARKS"
1231.15911416805|2679960.92|"Grand Coulee"|"PARKS"
84.9719506314973|1620|"Hangman"|"PARKS"
1065.32159342261|38306261.47|"Island"|"PARKS"
216.030634102521|11666286.69|"Kennedy-Goldsborough"|"PARKS"
9.7762897759036|11001|"Kettle"|"PARKS"
372.932324944593|11440913.39|"Kitsap"|"PARKS"
963.267961597179|1014335.63|"Klickitat"|"PARKS"
35.17038746985|432625.73|"Lewis"|"PARKS"
1680.22306229897|1710896.45|"Little Spokane"|"PARKS"
194.29727605275|1332085.56|"Lower Chehalis"|"PARKS"
63.184963969626|0|"Lower Crab"|"PARKS"
493.648280222265|23317521.08|"Lower Skagit / Samish"|"PARKS"
371.337550348939|4323|"Lower Snake"|"PARKS"
1433.34170363833|1673864.63|"Lower Spokane"|"PARKS"
52.5573137240251|128018.62|"Lower Yakima"|"PARKS"
201.910850505388|3978810|"Lyre-Hoko"|"PARKS"
276.9218188325|12789400.74|"Methow"|"PARKS"
160.670285483731|1481396|"Middle Snake"|"PARKS"
1409.27779858376|841059.56|"Middle Spokane"|"PARKS"
318.888640639643|6708905.57|"Nisqually"|"PARKS"
603.597273211376|10330797.7|"Nooksack"|"PARKS"
9.43898635934193|148843.5|"Okanogan"|"PARKS"
616.566495539563|68147|"Palouse"|"PARKS"
41.5581374630229|20001|"Pend Oreille"|"PARKS"
208.00156031326|2001183.61|"Puyallup-White"|"PARKS"
143.949787446888|2014990.56|"Queets-Quinault"|"PARKS"
1111.08957344531|19329058.34|"Quilcene-Snow"|"PARKS"
1053.66791728581|4684757.38|"Salmon-Washougal"|"PARKS"
1373.16184415808|9191984.1|"San Juan"|"PARKS"
152.136974057414|2582704.53|"Skokomish-Dosewallips"|"PARKS"
1443.05865516609|26961164.08|"Snohomish"|"PARKS"
121.506143624382|2998254.68|"Soleduc"|"PARKS"
118.753295505322|298235|"Stillaguamish"|"PARKS"
305.883995301387|2933251.71|"Upper Chehalis"|"PARKS"
162.600133413931|10656500|"Upper Skagit"|"PARKS"
474.967613108748|4246937.24|"Upper Yakima"|"PARKS"
7.08666829563984|2|"Walla Walla"|"PARKS"
99.1948442741604|1477423.55|"Wenatchee"|"PARKS"
919.399558018016|15700812.48|"Willapa"|"PARKS"
60420.5261067358|0|"Alkali-Squilchuck"|"PROPOSED DFW"
16420.1019070574|0|"Cedar-Sammamish"|"PROPOSED DFW"
2622.99761928651|0|"Chelan"|"PROPOSED DFW"
88316.2646927418|0|"Cowlitz"|"PROPOSED DFW"
33372.7906842103|0|"Deschutes"|"PROPOSED DFW"
0.936015951567024|0|"Duwamish-Green"|"PROPOSED DFW"
2.08378942475252|0|"Entiat"|"PROPOSED DFW"
1.70790183125837|0|"Esquatzel Coulee"|"PROPOSED DFW"
119665.979471664|0|"Foster"|"PROPOSED DFW"
16989.4314273646|0|"Grand Coulee"|"PROPOSED DFW"
16013.1356122076|0|"Grays/Elochoman"|"PROPOSED DFW"
56059.2326039817|0|"Hangman"|"PROPOSED DFW"
0.0431926729976882|0|"Island"|"PROPOSED DFW"
7260.87653131585|0|"Kennedy-Goldsborough"|"PROPOSED DFW"
125858.30534932|0|"Kettle"|"PROPOSED DFW"
0.01817437396859|0|"Kitsap"|"PROPOSED DFW"
177755.618951148|0|"Klickitat"|"PROPOSED DFW"
42426.4531920267|0|"Lewis"|"PROPOSED DFW"
55153.4267679108|0|"Little Spokane"|"PROPOSED DFW"
421.337180542143|0|"Lower Chehalis"|"PROPOSED DFW"
8866.61523430588|0|"Lower Crab"|"PROPOSED DFW"
67007.6338521757|0|"Lower Lake Roosevelt"|"PROPOSED DFW"
95990.8636693778|0|"Lower Skagit / Samish"|"PROPOSED DFW"
59567.9861049474|0|"Lower Spokane"|"PROPOSED DFW"
276941.355714795|0|"Lower Yakima"|"PROPOSED DFW"
287682.883517974|0|"Methow"|"PROPOSED DFW"
105634.485959152|0|"Middle Lake Roosevelt"|"PROPOSED DFW"
79433.5787285918|0|"Middle Snake"|"PROPOSED DFW"
34835.6026468728|0|"Middle Spokane"|"PROPOSED DFW"
139242.130612574|0|"Moses Coulee"|"PROPOSED DFW"
140049.713011771|0|"Naches"|"PROPOSED DFW"
30189.9205735272|0|"Nespelem"|"PROPOSED DFW"
16999.3338527078|0|"Nisqually"|"PROPOSED DFW"
12361.5046863308|0|"Nooksack"|"PROPOSED DFW"
284490.167006574|0|"Okanogan"|"PROPOSED DFW"
63227.5901412466|0|"Palouse"|"PROPOSED DFW"
10.1974198867529|0|"Puyallup-White"|"PROPOSED DFW"
102453.690520969|0|"Rock-Glade"|"PROPOSED DFW"
0.00479186032362877|0|"San Juan"|"PROPOSED DFW"
132408.530114801|0|"Sanpoil"|"PROPOSED DFW"
128318.696977606|0|"Snohomish"|"PROPOSED DFW"
96382.0125323329|0|"Stillaguamish"|"PROPOSED DFW"
41657.5069278829|0|"Upper Chehalis"|"PROPOSED DFW"
217426.650334358|0|"Upper Crab-Wilson"|"PROPOSED DFW"
3.11173704895273|0|"Upper Lake Roosevelt"|"PROPOSED DFW"
201536.01620915|0|"Upper Skagit"|"PROPOSED DFW"
274285.220216648|0|"Upper Yakima"|"PROPOSED DFW"
26.7689716617127|0|"Wenatchee"|"PROPOSED DFW"
37964.3790672361|0|"Wind-White Salmon"|"PROPOSED DFW"
73268.467729349|0|"Cedar-Sammamish"|"PROPOSED DNR"
0.000667842630689863|0|"Chambers-Clover"|"PROPOSED DNR"
136055.196476828|0|"Colville"|"PROPOSED DNR"
33372.7916679162|0|"Deschutes"|"PROPOSED DNR"
75245.6335633076|0|"Duwamish-Green"|"PROPOSED DNR"
135066.613731394|0|"Elwha-Dungeness"|"PROPOSED DNR"
68942.1170433805|0|"Esquatzel Coulee"|"PROPOSED DNR"
0.0569111924000916|0|"Island"|"PROPOSED DNR"
49146.5773647816|0|"Kennedy-Goldsborough"|"PROPOSED DNR"
14660.7664237955|0|"Kettle"|"PROPOSED DNR"
100597.957229523|0|"Kitsap"|"PROPOSED DNR"
12112.1606272637|0|"Little Spokane"|"PROPOSED DNR"
27286.511889776|0|"Lower Chehalis"|"PROPOSED DNR"
102581.913920235|0|"Lower Crab"|"PROPOSED DNR"
57092.2190511813|0|"Lower Spokane"|"PROPOSED DNR"
105230.211019219|0|"Lyre-Hoko"|"PROPOSED DNR"
42618.9551692961|0|"Middle Lake Roosevelt"|"PROPOSED DNR"
0.583963498975075|0|"Naches"|"PROPOSED DNR"
16999.3338527078|0|"Nisqually"|"PROPOSED DNR"
69485.3799645901|0|"Palouse"|"PROPOSED DNR"
5092.49446370936|0|"Pend Oreille"|"PROPOSED DNR"
18816.9435863643|0|"Puyallup-White"|"PROPOSED DNR"
89870.6521727154|0|"Queets-Quinault"|"PROPOSED DNR"
83003.3191155514|0|"Quilcene-Snow"|"PROPOSED DNR"
17.7234328000597|0|"San Juan"|"PROPOSED DNR"
83268.7734481441|0|"Skokomish-Dosewallips"|"PROPOSED DNR"
122859.140516116|0|"Snohomish"|"PROPOSED DNR"
198775.318338828|0|"Soleduc"|"PROPOSED DNR"
40599.0065912359|0|"Upper Chehalis"|"PROPOSED DNR"
5428.40469463598|0|"Upper Crab-Wilson"|"PROPOSED DNR"
74421.7384419283|0|"Upper Lake Roosevelt"|"PROPOSED DNR"
8.33423223787756|0|"Upper Yakima"|"PROPOSED DNR"
4.72339294538389|0|"Wenatchee"|"PROPOSED DNR"
73268.3800653905|0|"Cedar-Sammamish"|"PROPOSED PARKS"
23076.3120202914|0|"Chambers-Clover"|"PROPOSED PARKS"
7922.91811599963|0|"Cowlitz"|"PROPOSED PARKS"
0.00268672761811697|0|"Deschutes"|"PROPOSED PARKS"
75245.570866328|0|"Duwamish-Green"|"PROPOSED PARKS"
24319.9020671633|0|"Elwha-Dungeness"|"PROPOSED PARKS"
0.00875497370276556|0|"Island"|"PROPOSED PARKS"
41896.5431922378|0|"Kennedy-Goldsborough"|"PROPOSED PARKS"
54424.8848220671|0|"Kitsap"|"PROPOSED PARKS"
187109.810679|0|"Lower Chehalis"|"PROPOSED PARKS"
15.7777550044982|0|"Naches"|"PROPOSED PARKS"
56227.3009552421|0|"Nisqually"|"PROPOSED PARKS"
134716.142443939|0|"Puyallup-White"|"PROPOSED PARKS"
175647.578213674|0|"Queets-Quinault"|"PROPOSED PARKS"
71012.4995034535|0|"Quilcene-Snow"|"PROPOSED PARKS"
2.94845810679674e-05|0|"San Juan"|"PROPOSED PARKS"
83392.3634060104|0|"Skokomish-Dosewallips"|"PROPOSED PARKS"
122859.140516116|0|"Snohomish"|"PROPOSED PARKS"
70151.9166980942|0|"Soleduc"|"PROPOSED PARKS"
17998.0422802165|0|"Upper Chehalis"|"PROPOSED PARKS"
8.33423223787756|0|"Upper Yakima"|"PROPOSED PARKS"
4.72339294538389|0|"Wenatchee"|"PROPOSED PARKS"
23767.0826305506|0|"Willapa"|"PROPOSED PARKS"
8372.60172951314|56555000|"Alkali-Squilchuck"|"REVENUE"
1400.6226069483|45845000|"Cedar-Sammamish"|"REVENUE"
2.74045124225683|0|"Chambers-Clover"|"REVENUE"
953.133764729582|0|"Chelan"|"REVENUE"
15725.2538069649|5320170|"Colville"|"REVENUE"
13587.865803816|41947000|"Cowlitz"|"REVENUE"
741.335410134426|300000|"Deschutes"|"REVENUE"
9432.0629580903|53845000|"Duwamish-Green"|"REVENUE"
6346.41810498888|22418921|"Elwha-Dungeness"|"REVENUE"
1462.19595943338|0|"Entiat"|"REVENUE"
6419.38034939842|11446300|"Esquatzel Coulee"|"REVENUE"
11704.6293254558|0|"Foster"|"REVENUE"
7471.73116472401|0|"Grand Coulee"|"REVENUE"
11041.9784046754|0|"Grays/Elochoman"|"REVENUE"
609.007122082708|30000|"Hangman"|"REVENUE"
69.6574731025309|0|"Island"|"REVENUE"
2440.26734497946|35307000|"Kennedy-Goldsborough"|"REVENUE"
9485.64276736027|4622170|"Kettle"|"REVENUE"
7523.85037579037|2610000|"Kitsap"|"REVENUE"
11790.1269137663|14452000|"Klickitat"|"REVENUE"
17758.8621889229|1412500|"Lewis"|"REVENUE"
2420.04731426706|346000|"Little Spokane"|"REVENUE"
2814.59030897716|35738100|"Lower Chehalis"|"REVENUE"
10183.0404656783|0|"Lower Crab"|"REVENUE"
1831.11069842125|0|"Lower Lake Roosevelt"|"REVENUE"
10460.6010661066|47890900|"Lower Skagit / Samish"|"REVENUE"
4267.24891397658|14205972|"Lower Snake"|"REVENUE"
6087.06859438787|484100|"Lower Spokane"|"REVENUE"
16763.4796910885|74720000|"Lower Yakima"|"REVENUE"
11713.9497950815|21575000|"Lyre-Hoko"|"REVENUE"
8223.77195916498|0|"Methow"|"REVENUE"
3927.33791694956|0|"Middle Lake Roosevelt"|"REVENUE"
7253.77274317777|1313250|"Middle Snake"|"REVENUE"
1128.99103905708|0|"Middle Spokane"|"REVENUE"
10200.5403483989|0|"Moses Coulee"|"REVENUE"
10134.246275984|84511504|"Naches"|"REVENUE"
11418.1365838661|0|"Nisqually"|"REVENUE"
20235.834583368|835000|"Nooksack"|"REVENUE"
46349.8141121242|18586978|"Okanogan"|"REVENUE"
13335.1443970634|8970470|"Palouse"|"REVENUE"
5613.91256585335|0|"Pend Oreille"|"REVENUE"
204.51508524639|27055000|"Puyallup-White"|"REVENUE"
22392.0122400833|18101750|"Queets-Quinault"|"REVENUE"
6569.19153406861|24377300|"Quilcene-Snow"|"REVENUE"
11356.8762655728|17811587.62|"Rock-Glade"|"REVENUE"
9017.38590112965|0|"Salmon-Washougal"|"REVENUE"
216.050719975057|0|"San Juan"|"REVENUE"
3088.16044612957|0|"Sanpoil"|"REVENUE"
6312.62526751648|18558000|"Skokomish-Dosewallips"|"REVENUE"
23352.7616442612|53310000|"Snohomish"|"REVENUE"
27802.3537039555|21510000|"Soleduc"|"REVENUE"
16525.7083145819|22842439|"Stillaguamish"|"REVENUE"
30787.8997622663|40791000|"Upper Chehalis"|"REVENUE"
7189.69990203097|2558100|"Upper Crab-Wilson"|"REVENUE"
7505.87667977753|4622170|"Upper Lake Roosevelt"|"REVENUE"
8898.53262338671|12291900|"Upper Skagit"|"REVENUE"
42493.1401744812|186423978|"Upper Yakima"|"REVENUE"
2748.90223037017|0|"Walla Walla"|"REVENUE"
1519.55004074389|0|"Wenatchee"|"REVENUE"
13459.901526941|38005000|"Willapa"|"REVENUE"
12689.1502740917|2918000|"Wind-White Salmon"|"REVENUE"
34488.7185551675|74460950.14|"Alkali-Squilchuck"|"STATE"
15265.6958281383|65734248.15|"Cedar-Sammamish"|"STATE"
2148.73354017188|0|"Chambers-Clover"|"STATE"
9694.05425484143|1488851.57|"Chelan"|"STATE"
16556.7486674805|5639670|"Colville"|"STATE"
16938.2197333367|47626923.44|"Cowlitz"|"STATE"
4148.58323287048|6054550|"Deschutes"|"STATE"
15858.3000809726|100213025.43|"Duwamish-Green"|"STATE"
47719.8584843018|25714221|"Elwha-Dungeness"|"STATE"
3591.76021531426|0|"Entiat"|"STATE"
9253.83391215836|12885893|"Esquatzel Coulee"|"STATE"
13969.5739485324|1533109.41|"Foster"|"STATE"
9943.22377063024|2679960.92|"Grand Coulee"|"STATE"
14922.8252630091|1146000|"Grays/Elochoman"|"STATE"
745.076460847371|31620|"Hangman"|"STATE"
40990.5730796689|40383336.47|"Island"|"STATE"
8453.45403137041|51463086.69|"Kennedy-Goldsborough"|"STATE"
10597.6017031989|4670171|"Kettle"|"STATE"
48446.3248217852|38677563.39|"Kitsap"|"STATE"
17378.8765842262|17846309.63|"Klickitat"|"STATE"
19211.9564694848|1845125.73|"Lewis"|"STATE"
5189.14289701361|11156896.45|"Little Spokane"|"STATE"
21002.9295930792|44032211.56|"Lower Chehalis"|"STATE"
18520.1520447314|201160|"Lower Crab"|"STATE"
1831.11069842125|0|"Lower Lake Roosevelt"|"STATE"
31595.4632024897|79147071.08|"Lower Skagit / Samish"|"STATE"
6305.99153248906|14210295|"Lower Snake"|"STATE"
7911.62774989501|2507964.63|"Lower Spokane"|"STATE"
20011.2989121807|76562068.62|"Lower Yakima"|"STATE"
65808.9726994115|25553810|"Lyre-Hoko"|"STATE"
15331.2095531428|41761245.74|"Methow"|"STATE"
4749.61792792909|0|"Middle Lake Roosevelt"|"STATE"
21924.7164248309|23008292|"Middle Snake"|"STATE"
3056.93150027115|1717059.56|"Middle Spokane"|"STATE"
12511.0337121614|130000|"Moses Coulee"|"STATE"
18764.9559434302|105191251|"Naches"|"STATE"
12625.2045180525|13787905.57|"Nisqually"|"STATE"
68537.3441660528|12534919.7|"Nooksack"|"STATE"
63498.6182585515|41174733.5|"Okanogan"|"STATE"
16185.2377006825|9304817|"Palouse"|"STATE"
8625.37328401131|20001|"Pend Oreille"|"STATE"
2462.45371992313|29503783.61|"Puyallup-White"|"STATE"
47373.0802772391|20116740.56|"Queets-Quinault"|"STATE"
37390.0851880497|63246358.34|"Quilcene-Snow"|"STATE"
16556.3635966663|17811587.62|"Rock-Glade"|"STATE"
13814.9790455172|17183757.38|"Salmon-Washougal"|"STATE"
61629.8260428065|9191984.1|"San Juan"|"STATE"
3117.9227315663|0|"Sanpoil"|"STATE"
10993.2766548723|26619704.53|"Skokomish-Dosewallips"|"STATE"
42668.3377793431|155074664.08|"Snohomish"|"STATE"
68380.4555086843|24508254.68|"Soleduc"|"STATE"
19861.3183220105|23160674|"Stillaguamish"|"STATE"
32180.544852994|48823751.71|"Upper Chehalis"|"STATE"
11500.9595388693|2908100|"Upper Crab-Wilson"|"STATE"
7545.92832421136|4622170|"Upper Lake Roosevelt"|"STATE"
11790.4333639328|29958400|"Upper Skagit"|"STATE"
71908.7339141869|216050942.24|"Upper Yakima"|"STATE"
3299.20771670672|2|"Walla Walla"|"STATE"
4198.18398143316|5291423.55|"Wenatchee"|"STATE"
43696.7608552619|59199422.48|"Willapa"|"STATE"
14934.0957355832|20464500|"Wind-White Salmon"|"STATE"
94323.1380981382|74460950.14|"Alkali-Squilchuck"|"UNKNOWN"
24373.1931159768|65734248.15|"Cedar-Sammamish"|"UNKNOWN"
6365.08248618647|0|"Chambers-Clover"|"UNKNOWN"
120210.878734141|1488851.57|"Chelan"|"UNKNOWN"
49121.0075555686|5639670|"Colville"|"UNKNOWN"
156494.101878826|47626923.44|"Cowlitz"|"UNKNOWN"
3602.06056322222|6054550|"Deschutes"|"UNKNOWN"
25176.0278526972|100213025.43|"Duwamish-Green"|"UNKNOWN"
75824.3148205067|25521300|"Elwha-Dungeness"|"UNKNOWN"
56932.9171642517|0|"Entiat"|"UNKNOWN"
37244.1429157758|12885893|"Esquatzel Coulee"|"UNKNOWN"
16184.2251322359|1533109.41|"Foster"|"UNKNOWN"
21314.1310073633|2679960.92|"Grand Coulee"|"UNKNOWN"
12417.3123669068|1146000|"Grays/Elochoman"|"UNKNOWN"
2787.88453207119|31620|"Hangman"|"UNKNOWN"
3765.2735688425|40341261.47|"Island"|"UNKNOWN"
4121.11070344361|51463086.69|"Kennedy-Goldsborough"|"UNKNOWN"
90877.0485134449|4670171|"Kettle"|"UNKNOWN"
15386.4116541867|36874563.39|"Kitsap"|"UNKNOWN"
19407.6689785663|17846309.63|"Klickitat"|"UNKNOWN"
89575.2142126161|1845125.73|"Lewis"|"UNKNOWN"
6398.45916659056|11156896.45|"Little Spokane"|"UNKNOWN"
41499.2974613451|43523211.56|"Lower Chehalis"|"UNKNOWN"
36729.8448220139|201160|"Lower Crab"|"UNKNOWN"
3340.58097449725|0|"Lower Lake Roosevelt"|"UNKNOWN"
18296.3306993508|79031121.08|"Lower Skagit / Samish"|"UNKNOWN"
10036.22078922|14210295|"Lower Snake"|"UNKNOWN"
9846.7972161719|2507964.63|"Lower Spokane"|"UNKNOWN"
65575.4806861499|76562068.62|"Lower Yakima"|"UNKNOWN"
21712.3661139967|25553810|"Lyre-Hoko"|"UNKNOWN"
262918.054355734|41761245.74|"Methow"|"UNKNOWN"
29140.1692082793|0|"Middle Lake Roosevelt"|"UNKNOWN"
74678.3603560992|23008292|"Middle Snake"|"UNKNOWN"
5024.03455062598|1717059.56|"Middle Spokane"|"UNKNOWN"
24529.6767628239|130000|"Moses Coulee"|"UNKNOWN"
121540.804155007|105191251|"Naches"|"UNKNOWN"
2.06906152576173|0|"Nespelem"|"UNKNOWN"
43535.6375787739|13787905.57|"Nisqually"|"UNKNOWN"
86176.9105466944|12534919.7|"Nooksack"|"UNKNOWN"
113023.000725652|41174733.5|"Okanogan"|"UNKNOWN"
24523.8278803406|9304817|"Palouse"|"UNKNOWN"
117544.958303889|20001|"Pend Oreille"|"UNKNOWN"
57986.1028840999|29503783.61|"Puyallup-White"|"UNKNOWN"
90682.3149400636|20116740.56|"Queets-Quinault"|"UNKNOWN"
24028.6666412083|63246358.34|"Quilcene-Snow"|"UNKNOWN"
20466.0495623342|17811587.62|"Rock-Glade"|"UNKNOWN"
18883.3085540755|17183757.38|"Salmon-Washougal"|"UNKNOWN"
3296.14784504735|9191984.1|"San Juan"|"UNKNOWN"
42435.4681948823|0|"Sanpoil"|"UNKNOWN"
64207.1542343811|26619704.53|"Skokomish-Dosewallips"|"UNKNOWN"
145344.857886499|155074664.08|"Snohomish"|"UNKNOWN"
102020.429800415|24508254.68|"Soleduc"|"UNKNOWN"
56327.1515287539|23160674|"Stillaguamish"|"UNKNOWN"
33442.8816365524|48823751.71|"Upper Chehalis"|"UNKNOWN"
25478.7259194274|2908100|"Upper Crab-Wilson"|"UNKNOWN"
29009.3054797748|4622170|"Upper Lake Roosevelt"|"UNKNOWN"
305030.884591183|29958400|"Upper Skagit"|"UNKNOWN"
188317.371657618|216050942.24|"Upper Yakima"|"UNKNOWN"
16498.9339628974|2|"Walla Walla"|"UNKNOWN"
147956.043318617|5291423.55|"Wenatchee"|"UNKNOWN"
21238.6951296635|59199422.48|"Willapa"|"UNKNOWN"
78839.7272422435|20464500|"Wind-White Salmon"|"UNKNOWN"
